{
  "results_en_test": {
    "Model": "ElasticNet",
    "MAE": 1.122048931314111,
    "RMSE": 2.160581009918196
  },
  "results_rf_test": {
    "Model": "RandomForest",
    "MAE": 1.1060820448904989,
    "RMSE": 1.9586340732594232
  },
  "results_xgb_test": {
    "Model": "XGBoost",
    "MAE": 1.1184552907943726,
    "RMSE": 1.8508032678701003
  },
  "results_avg_test": {
    "Model": "SimpleAverage",
    "MAE": 1.110827615941643,
    "RMSE": 1.958988754546925
  },
  "results_et_test": {
    "Model": "ExtraTrees",
    "MAE": 1.1803624549741139,
    "RMSE": 2.0581036658415175
  },
  "results_hgb_test": {
    "Model": "HistGB",
    "MAE": 1.1303599620401699,
    "RMSE": 2.249779507207996
  },
  "results_pr_test": {
    "Model": "Poisson",
    "MAE": 1.221881102899888,
    "RMSE": 1.9203663206401742
  },
  "results_knn_test": {
    "Model": "KNN",
    "MAE": 1.2614594287611363,
    "RMSE": 2.6196875313518677
  },
  "results_svr_test": {
    "Model": "SVR",
    "MAE": 1.2087830482731705,
    "RMSE": 2.64187987443161
  },
  "results_mlp_test": {
    "Model": "MLP",
    "MAE": 1.1151261756308142,
    "RMSE": 1.8012436819573212
  },
  "results_bgnbd_test": {
    "Model": "BG/NBD",
    "MAE": 1.389761881756658,
    "RMSE": 3.0288015852754357
  }
}