{
  "Config_A": {
    "Model": "Stacking_Config_A",
    "MAE": 1.1561745943484185,
    "RMSE": 2.2485735760632166
  },
  "Config_B": {
    "Model": "Stacking_Config_B",
    "MAE": 1.1150348229613738,
    "RMSE": 2.1396076139717355
  }
}