{
  "ElasticNet": {
    "MAE": 1.1199468879701537,
    "RMSE": 2.1350412231728986
  },
  "RandomForest": {
    "MAE": 1.1066942548588992,
    "RMSE": 1.947126347958133
  },
  "XGBoost": {
    "MAE": 1.1138776994843025,
    "RMSE": 1.8306332326084582
  },
  "BG/NBD": {
    "MAE": 1.381,
    "RMSE": 3.026
  },
  "SimpleAvg": {
    "MAE": 1.1050402075590755,
    "RMSE": 1.9316715717399406
  }
}