{
  "ElasticNet": {
    "MAE": 1.1584511362189402,
    "RMSE": 2.39683996498782
  },
  "RandomForest": {
    "MAE": 1.1611110771991278,
    "RMSE": 2.40375179918674
  },
  "XGBoost": {
    "MAE": 1.1468899790085045,
    "RMSE": 2.1600335986555845
  },
  "BG/NBD": {
    "MAE": 1.380632197486687,
    "RMSE": 3.026108512121834
  },
  "SimpleAvg": {
    "MAE": 1.151170444508448,
    "RMSE": 2.303904762807329
  }
}